{
    "$schema": "http://json-schema.org/draft-07/schema",
    "$id": "http://example.com/example.json",
    "type": "object",
    "title": "The root schema",
    "description": "The root schema comprises the entire JSON document.",
    "default": {},
    "examples": [
        {
            "message": "Hello World"
        }
    ],
    "required": [
        "message"
    ],
    "properties": {
        "message": {
            "$id": "#/properties/message",
            "type": "string",
            "title": "The message schema",
            "description": "An explanation about the purpose of this instance.",
            "default": "",
            "examples": [
                "Hello World"
            ]
        }
    },
    "additionalProperties": true
}