{
    "$schema": "http://json-schema.org/draft-07/schema",
    "$id": "http://example.com/example.json",
    "type": "object",
    "title": "The root schema",
    "description": "The root schema comprises the entire JSON document.",
    "default": {},
    "examples": [
        {
            "message": "Hello World",
            "ProcessSuccess": true,
            "ProcessedDate": "2012-04-23T18:25:43.511Z"
        }
    ],
    "required": [
        "message",
        "ProcessSuccess",
        "ProcessedDate"
    ],
    "properties": {
        "message": {
            "$id": "#/properties/message",
            "type": "string",
            "title": "The message schema",
            "description": "An explanation about the purpose of this instance.",
            "default": "",
            "examples": [
                "Hello World"
            ]
        },
        "ProcessSuccess": {
            "$id": "#/properties/ProcessSuccess",
            "type": "boolean",
            "title": "The ProcessSuccess schema",
            "description": "An explanation about the purpose of this instance.",
            "default": false,
            "examples": [
                true
            ]
        },
        "ProcessedDate": {
            "$id": "#/properties/ProcessedDate",
            "type": "string",
            "title": "The ProcessedDate schema",
            "description": "An explanation about the purpose of this instance.",
            "default": "",
            "examples": [
                "2012-04-23T18:25:43.511Z"
            ]
        }
    },
    "additionalProperties": true
}